neck,weight,heap,waist
33.8,51.1,86,62.9
33,45.4,87.9,63
35.3,58.9,95.2,64.2
33.1,47.3,88.6,64.4
33.1,47.7,88.5,65
33,44.4,87.5,65.3
35.2,58,88.9,65.6
34.7,56.4,91.7,65.8
33.2,47.3,89.7,66
33.2,47.5,87.6,66.1
33.9,51.1,85.8,66.1
34,51,89.3,66.3
33.7,49.5,90.6,66.6
34.2,53.8,88.3,66.6
34.3,52.9,91.4,66.7
34.3,52.9,91.4,66.7
34.3,52.9,91.4,66.7
34.3,52.9,91.4,66.7
33.4,48,85.9,66.9
33.6,48.6,87.4,66.9
34.5,53.5,89.9,67
34.1,52.1,85.7,67.1
32.5,45.4,90.2,67.2
32.5,45.4,90.2,67.2
32.5,45.4,90.2,67.2
33.1,47,89.8,67.2
35.8,61.1,91.8,67.3
34.2,51.4,94.7,67.5
34.7,55.6,89.1,67.5
34.3,52.7,89.6,67.6
34.9,56.1,93.5,67.6
33.8,50.6,91.4,67.7
34.7,55.1,91.9,67.9
34.6,54.3,88.9,68
33.6,49.9,90,68.1
33.6,49.9,90,68.1
33.6,49.9,90,68.1
33.6,49.9,90,68.1
34.5,54,92.3,68.2
34.5,54,92.3,68.2
34.5,54,92.3,68.2
34.5,54,92.3,68.2
34.7,54.9,92.3,68.2
34.4,53.3,90.9,68.3
32.9,45.5,88.2,68.4
33.8,50.7,92.9,68.6
34.9,57,89.9,68.6
32.5,46.5,90.2,68.7
33.9,51.9,88.5,68.8
33.7,50.8,91.2,69
35.6,60.8,99.2,69
35,65,92.1,69
33.9,51.1,89.8,69.1
34.5,52.7,95.1,69.2
34.3,51.6,95,69.3
36,63.3,94.7,69.3
34,50.9,93.6,69.4
34.2,51.6,89.9,69.4
35.3,59.3,90.4,69.4
34.5,53.4,90.8,69.5
34.1,51.1,89.3,69.6
34.9,56.1,91.2,69.7
35.5,59.8,91.6,69.7
33.5,48.5,91.1,69.9
33.5,48.5,91.1,69.9
33.5,48.5,91.1,69.9
33.5,48.5,91.1,69.9
33.5,48.5,91.1,69.9
33.5,48.5,91.1,69.9
35.5,58.3,93.7,69.9
35.4,65,89.2,70
34.3,51.4,90.5,70.1
38,65,93,70.1
34.8,55.9,91.7,70.2
35.8,61.8,91.8,70.2
33.2,48.3,90.3,70.3
34.3,52.3,90.1,70.3
34.9,57,92.8,70.3
36,59.1,92.6,70.3
34.3,51.5,90.6,70.4
35.2,58.4,88.6,70.4
33.2,46.9,88.9,70.5
34.5,53.3,97.2,70.5
34.6,65,91.4,70.6
37.3,65,92,70.6
33.8,50.5,91.7,70.7
33.8,50.5,91.7,70.7
33.8,50.5,91.7,70.7
33.8,50.5,91.7,70.7
33.8,50.5,91.7,70.7
34.2,51.4,91,70.7
37.3,65,96.5,70.7
36.9,70.3,95.8,70.7
34.1,51,93.9,70.8
34.3,52.8,90.2,70.8
34.8,55.3,93.1,70.8
34.9,56.6,95.1,70.8
34.9,56.6,95.1,70.8
34.9,56.6,95.1,70.8
34.9,56.6,95.1,70.8
36,63.3,96.2,70.8
34.3,52.3,95.9,70.9
34.3,52.6,94.2,70.9
34.5,54.3,91.2,70.9
35.6,61.7,88.5,71
36.6,65,92.4,71
33.3,48.5,92.1,71.1
34.6,52.9,94.7,71.3
35.2,58.8,91.1,71.3
36.6,65,89.6,71.4
33.8,50.5,92.2,71.5
34.1,51,87.9,71.5
34.1,51,87.9,71.5
34.1,51,87.9,71.5
34.1,51,87.9,71.5
34.1,51,87.9,71.5
34.1,51,87.9,71.5
34.7,55.4,91.3,71.5
35.4,59.2,97.8,71.5
36.1,65,93.1,71.5
40,65,94.8,71.5
33.4,52.1,95.1,71.6
34.6,52.8,91.9,71.6
34.4,52.9,92.7,71.6
34.4,52.9,92.7,71.6
34.4,52.9,92.7,71.6
34.4,52.9,92.7,71.6
34.4,52.9,92.7,71.6
34.4,52.9,92.7,71.6
35.1,57.4,95.9,71.7
35.6,60.3,93.1,71.7
35.4,65,87.8,71.7
34.6,54.5,97.6,71.8
35.8,61.4,94.1,71.8
37.8,65,98.5,71.8
34.3,52.4,88,71.9
34.9,56.1,89.9,71.9
35.2,55.9,97.5,72
35.5,58.8,91.8,72
33.5,49.2,92.1,72.1
36,63.4,92,72.1
33.9,50.3,92.6,72.2
34.7,54.3,89.4,72.3
35.2,56.9,90.5,72.3
34.4,52.7,94.3,72.4
33.9,50.5,91.9,72.5
35.9,62.8,94.1,72.5
34.9,56.2,90.1,72.6
35.3,58.9,94.3,72.6
35.6,60.8,96.4,72.6
35.9,62.3,98.4,72.7
39.7,65,93.7,72.7
36.6,66.9,93.2,72.7
38.1,65,94.4,72.8
33.4,47.1,90.1,72.9
33.9,50.2,90.5,72.9
34.4,52.6,93,72.9
34.4,53.1,91.6,72.9
35.6,54.7,94.3,72.9
34.5,54.7,91.8,72.9
33.4,49.3,92.3,73
35.1,57.2,92,73.1
35.1,57.3,95.1,73.1
38.7,65,96.6,73.1
35.4,59.5,94.1,73.3
36.1,63.6,95.2,73.3
35.9,59.7,96.7,73.4
36.1,64,93.3,73.4
38.3,65,98.6,73.4
36.6,67.2,98.1,73.4
36.6,67.9,96.8,73.4
35.5,58.1,96.9,73.5
35.6,60.9,93.4,73.5
37.4,65,96.7,73.5
35.8,61.8,90.5,73.6
33.6,48.9,91,73.7
35.3,57.7,97.9,73.7
35.3,57.7,97.9,73.7
35.3,57.7,97.9,73.7
35.3,57.7,97.9,73.7
38.8,65,96.5,73.7
33.5,48.8,91.5,73.8
35.3,57.9,94.7,73.8
37.3,65,95.8,73.8
37.1,65,93.8,73.8
36.7,67.4,94.5,73.8
35.7,61.5,90.9,73.9
35.9,65,94.9,73.9
36,63.3,95.1,74
34.3,52.3,92.6,74.1
35.5,60,96.3,74.1
36,63.2,92.7,74.1
34.7,55.2,95.4,74.2
36.1,63.9,93.1,74.2
36.1,64.5,96,74.2
36.2,65,94.9,74.2
34.8,55.3,95.8,74.3
35.4,58.2,97.5,74.3
35.5,59.9,90.9,74.4
35.9,64.5,95.3,74.4
36.3,65.9,93.6,74.4
36.1,63.8,93.3,74.5
40.3,65,95.8,74.5
34.1,51.2,93.5,74.6
34.5,53.6,93.1,74.6
35.7,61.4,91.8,74.6
35.8,61.7,93.3,74.6
36.2,64.2,95.1,74.6
36.6,70.8,96.2,74.6
34.4,52.8,92.9,74.7
36.6,65,95.4,74.7
36,65,92.9,74.7
36.3,65.5,93.5,74.7
35.2,58.1,91.7,74.8
34.2,51.4,91.4,74.9
34.9,56.5,94.8,74.9
35.8,61.7,93.4,74.9
38.2,65,94.5,74.9
37.3,65,94.6,74.9
35.4,55.9,93.3,75
35.2,57.5,94.8,75
36.8,64.8,100.3,75
36.6,64.9,93.6,75
36.7,68.1,98.8,75
36.2,58.9,96.1,75.1
35.9,62.4,95.1,75.1
35.2,57.2,92.6,75.2
35.7,58.7,97.4,75.2
36.7,61.4,99.7,75.2
39.6,65,94.6,75.2
35.9,65,98.4,75.2
34.9,56.5,93.6,75.3
40.1,65,93.9,75.3
33.2,48.3,92.3,75.4
36,63,100.2,75.4
34.7,53.6,96.1,75.6
35.2,58.5,97.5,75.6
35.7,60.7,94.5,75.6
36.1,62.9,102,75.6
36.3,66.6,93.9,75.7
37.4,72.9,95,75.7
35.2,55.1,97,75.8
35.5,58.7,97.3,75.8
35.3,58.8,90.5,75.8
36.1,65.4,92.3,75.8
34.5,53.2,92.6,75.9
34.6,54.4,91.5,75.9
35.9,61.7,100.6,75.9
36,62.3,96.3,75.9
37.3,65,96.3,75.9
34.7,52.9,96.3,76
34.9,57,93.8,76
35.9,60.8,97.7,76
36.1,56.1,92.7,76.1
35.1,57.1,93.6,76.1
36.2,64.9,91.5,76.1
36.8,69.3,93.2,76.1
36.9,69.9,94.9,76.1
40,65,95.8,76.2
36.3,65.6,93,76.2
36.2,63.9,95.7,76.3
36.2,64.9,94.2,76.3
36.6,67,99,76.3
36.7,67.6,96.8,76.3
36.7,68.9,95.6,76.3
35.5,60.4,99.4,76.4
38.6,82.3,100.3,76.4
34.2,52.1,92.7,76.5
34.8,54.1,92.9,76.5
35.2,57.3,91.4,76.5
36.2,58.8,98.2,76.6
39.8,65,96.7,76.6
36.5,65.6,96.2,76.6
36.5,70.8,98,76.6
37.1,71.3,94.4,76.6
34.8,56.2,95.5,76.7
35.2,58.2,93.6,76.7
35.4,59.8,93.7,76.7
35.8,61.6,103.3,76.7
36.2,64.5,99.7,76.7
36.4,65.8,93.2,76.7
36.8,70.3,95.3,76.7
34.3,52.1,92.1,76.8
36,63.4,91.5,76.8
36.1,62,92.5,76.9
36.6,65,97.2,76.9
36.6,65,92.7,76.9
36.4,65.3,94.4,76.9
36.5,68.2,97.3,76.9
36.8,68.6,95.6,76.9
35.5,54.9,95.8,77
35.9,62.6,93.1,77
35.9,62.7,92.1,77
35.8,61.3,96.2,77.1
36.2,66,94.8,77.1
37.3,73.3,100.2,77.1
36.7,65,93.4,77.2
36.9,70.8,98.5,77.2
36.2,59,97,77.3
35.9,62.9,93.9,77.3
37.1,65,98.7,77.3
38.9,65,100,77.3
35.8,65,94.7,77.3
37.1,67.8,99.8,77.3
37.1,72,96,77.3
36.1,57.2,96.5,77.4
37.1,71.5,95.2,77.4
37.3,72.8,96.5,77.4
37.5,73.7,101.6,77.4
34.4,54.1,97.1,77.5
36.4,60.2,97,77.5
36.9,69.3,94.7,77.5
36.1,58.5,99.7,77.6
36.4,66.6,98.4,77.6
37.8,76,96.7,77.6
36.3,59.2,97.2,77.7
36.5,64.6,96.4,77.7
36.5,65,95.9,77.7
36.5,67,95.5,77.7
36.2,59.2,99.8,77.8
35.8,62,93.6,77.8
40.2,65,98.7,77.8
36.9,69.3,96.6,77.8
36.3,68.1,96.1,77.9
38.5,65,98,78.1
35.7,65,100,78.1
38.6,65,99.2,78.1
36.2,65.1,94.3,78.1
36.6,67.1,97,78.1
36,63.4,94.7,78.2
39.2,65,97.7,78.2
36.9,65,100.1,78.2
36.5,68.6,97.9,78.2
37.1,60.4,100.3,78.3
39.6,65,96.6,78.3
36.8,66,93.3,78.3
36.7,69.1,98.4,78.3
38.2,65,95.9,78.4
35,56.5,93.9,78.5
35.5,60.1,99.8,78.5
39.1,65,97.6,78.5
37,69.4,96.6,78.5
36.2,57.6,93,78.6
39.7,65,95.2,78.6
37.5,65,101.4,78.6
36.4,65.4,93.5,78.6
36,57.9,93.1,78.7
35.8,60.1,96.5,78.7
35.8,61.8,98.5,78.7
36.6,62,98.5,78.7
36.8,67.6,94.2,78.7
37,68.9,98.4,78.7
36.8,70.6,96.2,78.7
37.5,74,99.5,78.7
34.9,56.4,95.6,78.8
36.2,60,95.6,78.8
36.8,62.9,96.8,78.8
36.8,62.9,96.8,78.8
36.8,62.9,96.8,78.8
36.8,62.9,96.8,78.8
36.5,64.8,98,78.8
37.8,77,95.6,78.8
38.8,65,97.6,78.9
36.4,65.9,96.6,78.9
36.7,67.3,103.1,78.9
35.2,58.8,96.1,79
36.2,64.5,95.7,79.1
40.4,65,101.5,79.1
36.5,67.6,95.8,79.1
37.6,74.5,102.5,79.1
35.1,58.3,95.1,79.2
35.8,61.2,94.9,79.3
35.8,61.2,94.9,79.3
35.8,61.2,94.9,79.3
35.8,61.2,94.9,79.3
36.8,68.1,97,79.3
37,68.8,93.9,79.3
37.1,69.9,98.7,79.4
37.1,70.4,99.8,79.4
37.2,71.1,97.4,79.4
37.5,75.1,97.1,79.4
35.8,61.8,95.9,79.5
35.8,62.2,97.3,79.5
36.3,64.8,101.4,79.5
36.6,67.4,94,79.5
36.9,68.4,99.8,79.5
37.2,70.5,99.9,79.5
37.4,70.9,96.4,79.5
36.5,60.2,98.4,79.6
36.5,60.2,98.4,79.6
36.5,60.2,98.4,79.6
36.5,60.2,98.4,79.6
36,63.2,97.3,79.6
36.2,64.2,96.3,79.6
41.7,65,100.8,79.6
34.4,52.4,94.3,79.7
35.8,61.7,98.7,79.7
41.1,65,98.5,79.7
38.9,65,97,79.7
36.9,68.3,94.2,79.7
37.6,75.4,97.4,79.7
34.4,53.2,91.7,79.8
35.2,56.6,94.6,79.8
36,59.1,95.7,79.8
37.6,65,102.4,79.9
36.3,66,96,79.9
36.9,69.2,94.5,79.9
37,70.6,96.6,79.9
36,59.4,97.1,80
36.3,65.8,95.7,80
37.3,72.3,98.5,80
35.8,62.1,94.8,80.1
37.4,71.7,97.9,80.1
37.1,71.7,99.1,80.1
37.3,72.5,94.7,80.1
39,65,100.4,80.2
39.9,65,106.1,80.2
40.1,65,100.6,80.2
39.9,65,102.5,80.2
37.1,70.4,99.1,80.2
37.2,71.2,97.3,80.2
36.5,67.5,96.5,80.3
36.9,68.7,93.5,80.3
37,70.5,98.9,80.3
37,75.3,99.6,80.3
35.4,54.8,94.1,80.4
33.9,65,101.5,80.4
36.6,67.6,97,80.4
36.8,68.3,98.9,80.4
37.8,76.4,99.2,80.4
36.1,59.9,98.5,80.5
36,62.9,96.8,80.5
37,66.6,99.6,80.5
37.9,65,98.1,80.6
36.5,61.4,100.4,80.7
36.2,64.5,94.4,80.7
39.1,65,93.5,80.7
36.7,68,97.8,80.7
37.6,74.4,99.9,80.7
37.2,74.9,96.3,80.7
35,57.3,91.8,80.8
37.5,65,100.2,80.8
37.3,65,97.5,80.8
37.7,77,101,80.8
35.3,58.6,97,80.9
39.6,65,99.2,80.9
36.4,65.3,94.2,80.9
36.9,68.9,100.7,80.9
37.2,69.6,96.8,80.9
37.2,71.4,99.7,80.9
38.7,83.6,103.2,80.9
36.3,63.6,100.6,81
39.4,65,101.6,81
38.5,65,103.9,81
37.8,75.1,99.1,81
36,62.3,97.7,81.1
37.1,70.6,97.1,81.1
37.9,75.6,98.5,81.1
36.1,63.7,97.9,81.2
40.8,65,101.3,81.2
37,69.4,96.1,81.2
37,70,104,81.2
35.3,58.1,96.8,81.3
39.3,65,95.9,81.3
39.2,65,101.2,81.4
36.3,66,97,81.4
36.6,66.8,100.6,81.4
37.4,71,99.7,81.5
37.1,71.6,99.7,81.5
37.3,73.7,100,81.5
37.8,75.8,101.8,81.5
38.4,76.1,98.7,81.5
40.6,65,101.2,81.6
38.5,65,99.9,81.6
36.5,65,96.7,81.6
37,69.7,94.8,81.6
36.9,71.4,97.7,81.6
37.6,73.3,98.8,81.6
36.5,65.4,101.1,81.7
38.2,79.3,100.7,81.7
40,65,101.9,81.8
39,65,98.5,81.8
36.9,67.8,100.2,81.8
37.1,70.3,101.5,81.8
37.1,70.4,97,81.8
37.2,71.4,99.1,81.8
36.8,66.5,93.5,81.9
37.7,74.3,97.7,81.9
38.1,74.8,103.6,81.9
38.3,80.9,102.4,81.9
40.1,65,99.8,82
38,65,99.7,82
36.7,65.3,100.5,82
37.1,68.3,98.9,82
36.5,65.2,100.1,82.1
37,69.9,103.2,82.1
36.1,63.4,96.1,82.2
38.8,65,102.7,82.2
37.3,71.3,97.3,82.2
38,76,101.9,82.2
38.6,80.7,101.5,82.2
36.7,69.1,99.1,82.3
37.2,71.2,96.6,82.3
37.1,71.4,97.8,82.3
37,71.7,97,82.3
40.1,65,104.5,82.4
38.3,65,100.6,82.4
38.4,74.7,98.6,82.4
36.1,62.2,95.3,82.5
36.1,62.2,95.3,82.5
38.1,65,97.3,82.5
39.2,65,103.7,82.5
37.6,71.1,102.1,82.5
37.2,71.9,97.9,82.5
37.6,72.6,96.3,82.5
37.6,73.7,97.6,82.5
39.7,65,101.7,82.6
36.4,66.6,98.3,82.6
37.6,72.7,98.9,82.6
38.2,80.6,99.3,82.6
36.1,57,94.3,82.7
41.3,65,101.2,82.7
38.2,77.5,98.7,82.7
41,65,100.7,82.8
37,70,100.6,82.8
37.6,72.9,99.5,82.8
37.9,77.7,103.4,82.8
38.3,79,98.9,82.8
36.2,63.5,98.2,82.9
37,68,97.8,82.9
37.5,68.7,97.3,82.9
37.6,69.4,98.8,82.9
37.3,69.5,99.6,82.9
37.3,71,97.3,82.9
37.4,72.7,97.8,82.9
37.3,72.7,97.9,82.9
37.9,65,97.8,83
37.4,73.2,101.2,83
37.7,75,97.6,83
37.9,78.6,102.2,83
36.3,63.7,100.8,83.1
36.3,63.7,100.8,83.1
36.3,63.7,100.8,83.1
36.3,63.7,100.8,83.1
36.3,63.7,100.8,83.1
36.3,64.1,100.2,83.1
40.9,65,102.4,83.1
41.4,65,102.9,83.1
37,70.8,100.4,83.1
37.8,75.7,99.3,83.1
36.4,62.2,98.7,83.2
37.1,65,99.9,83.2
36.5,65.5,101.5,83.2
37.5,66.4,97.9,83.2
37.4,67.9,100.3,83.2
37.6,74.5,100.1,83.2
37.6,74.8,99.3,83.2
38.2,75.8,100,83.2
35.8,61.9,98.7,83.3
38.8,65,100,83.3
36.9,65,96.7,83.3
36.5,66.1,100.3,83.3
37.5,71.6,100.1,83.3
37.2,71.7,98.8,83.3
37.4,72.3,99.2,83.3
36.3,62.6,99.9,83.4
41.4,65,99.4,83.4
38.2,65,104.8,83.4
37.9,74.4,94.7,83.4
38.5,80.6,100.9,83.4
37.3,64.5,100.4,83.5
37,70.5,98.8,83.5
37.3,71,105,83.5
37,71.6,100.6,83.5
37.4,73.4,100.6,83.5
36.4,61.2,97.4,83.6
39,65,100.8,83.6
38.6,65,102.8,83.6
36.7,67.5,97.6,83.6
37.2,72.5,98.9,83.6
38,77.6,99.1,83.6
37.3,71.9,96.1,83.7
37.7,75.5,101.5,83.7
37.7,75.6,97.5,83.7
37.7,75.9,102.4,83.7
37.8,76.1,99.6,83.7
37.9,79.5,99.9,83.7
36.2,61.1,101.1,83.8
41.8,65,101,83.8
38.2,65,100.6,83.8
37.3,66.4,102.5,83.8
36.5,68.1,93.9,83.8
38,78.2,104.2,83.8
40.4,65,103.4,83.9
39.4,65,104.5,83.9
37.3,65.9,100.2,83.9
38.7,80.3,100.3,83.9
37.1,69.8,99.6,84
37.3,71.5,98.1,84
37.8,71.7,102.6,84
37.4,71.8,98.1,84
38.3,82.5,102.3,84
38,65,104.2,84.1
36.8,68.7,97.3,84.1
38.5,78.5,99.6,84.1
41.5,65,102.9,84.2
37.3,71.1,101,84.2
37.3,72,100.6,84.2
37.4,73.1,97.4,84.2
37.4,76.8,94.5,84.2
42.8,65,105.3,84.3
38.1,77.6,102.9,84.3
37.4,72.1,98.1,84.4
38.3,65,100.8,84.5
36.7,67.6,99.4,84.5
37.7,72.1,98.4,84.5
38,75.9,101.9,84.5
37,68.8,100.6,84.6
37.4,73.4,97.2,84.6
37.6,73.9,99.3,84.6
38,77.5,101.7,84.6
37.8,78.5,101.5,84.6
37.5,66.5,99.7,84.7
36.8,67.9,94.1,84.7
37.3,69.2,98.6,84.7
38.2,76.9,99.7,84.7
39.4,65,100.3,84.8
37.5,70.7,101.4,84.8
39.3,78.1,100.5,84.8
38.8,81.2,98.8,84.8
38.3,82.5,103.9,84.8
40.7,65,101,84.9
40.1,65,100,84.9
38.4,79.9,99.6,84.9
40.6,65,100.2,85
37.4,73.3,99.3,85
38.6,84.8,101,85
41.5,65,103.8,85.1
37.5,70.4,100.9,85.1
37.6,73.9,99.5,85.1
38.2,78,100.8,85.1
38.3,78.8,102.1,85.1
37,68.2,99.7,85.2
37,71.5,98.2,85.2
39.1,79.1,108.6,85.2
38.3,79.7,104.3,85.2
37.6,65,97.7,85.3
41.9,65,100.9,85.3
37.9,70.2,104.7,85.3
37.4,73.2,98.3,85.3
38.2,79.1,99,85.3
38.2,80.5,101.1,85.3
39.1,82.9,101.2,85.3
35.9,61.7,99.6,85.5
39.6,65,103.7,85.5
36.7,67.5,95.1,85.5
37.5,72.4,99.8,85.5
37.5,72.6,105,85.5
37.8,74.7,100.8,85.5
37.9,74.5,101.3,85.6
37.7,74.7,98.8,85.6
39.1,82.3,102.8,85.6
37.7,75.8,104.6,85.7
38.9,77.2,109.8,85.7
38.9,77.2,109.8,85.7
38.9,77.2,109.8,85.7
38.9,77.2,109.8,85.7
38.9,77.2,109.8,85.7
38.9,77.2,109.8,85.7
38.9,77.2,109.8,85.7
38.8,81.6,104.5,85.7
39.9,65,104.5,85.8
38.2,79.8,101,85.8
39.6,65,98.4,85.9
41.2,65,103.6,85.9
39,65,100.9,85.9
39.4,65,102.1,85.9
37.8,67.7,100.2,85.9
37.8,67.7,100.2,85.9
37.8,67.7,100.2,85.9
37.8,67.7,100.2,85.9
37.5,73.3,105,85.9
38.3,65,98.8,86
36.7,68.6,99.6,86
37.7,72.4,104.3,86
37.7,75.7,100.6,86
38.3,78.2,105.5,86
39.1,65,106.2,86.1
37.7,65,103.3,86.1
37.8,76.6,101.3,86.1
37.2,64.2,100.6,86.2
38.3,78.2,100.9,86.2
38.8,78.6,104.3,86.2
38.1,79.4,100.9,86.2
39.8,65,104.4,86.3
37.2,70.7,100.9,86.3
38.5,81.1,102.1,86.3
39.5,86.5,104.6,86.3
42.1,65,102,86.4
39.6,65,104.4,86.4
38.5,76.4,101,86.4
38.3,76.5,98,86.4
36.7,62.2,100.7,86.5
38.9,65,101.9,86.5
38.8,65,106.8,86.5
40.7,65,101.5,86.7
40.4,65,106.2,86.7
38.4,73.1,103,86.7
40.7,65,101.4,86.8
38.7,82.6,104,86.8
37.9,80.1,102.6,86.9
38.7,83.1,103.4,86.9
36.5,64.6,101.8,87
40,65,104.1,87
38.4,72.5,102,87
37.9,74.8,101,87
39.2,80.5,103,87
38.2,80.7,103.3,87
42.6,65,109.4,87.1
41.7,65,101.9,87.1
38.9,77.7,103,87.1
37.4,67,100.7,87.2
38.7,76.1,102.1,87.2
38.7,80.3,102.5,87.3
38.9,81.3,106.2,87.3
39.2,86.8,102.8,87.3
42.9,65,102.6,87.4
38,71,106.7,87.4
38.4,73.5,98.6,87.4
38.7,77.4,106.2,87.4
38.6,85.7,102.6,87.4
39.4,87,104.5,87.4
39.3,89.2,103.4,87.4
40.2,65,101,87.5
39.4,86.8,104.2,87.5
39,80.3,103.7,87.6
38.7,81,101.8,87.6
37.8,65,101.8,87.7
37.5,67.3,106.6,87.7
38.1,75.1,101.1,87.7
38,75.1,104.7,87.7
39,80.4,103,87.7
37.7,75.1,99.8,87.8
37.5,75,95.9,87.9
38.4,76.4,103.1,87.9
38.7,79.5,101.8,87.9
38.2,75.4,104.7,88
39,83,106.8,88
40.9,65,106,88.1
41.1,65,105.9,88.1
37.8,65,103.7,88.1
40.9,65,107.3,88.2
38.8,80.8,103.2,88.2
36.9,68.6,99.5,88.3
38.1,78.5,103.7,88.3
40.7,65,105.7,88.4
40.1,65,107.7,88.4
37.6,65,99.3,88.4
39.3,65,103.8,88.4
37.1,69.3,99.7,88.4
38.2,77.6,101.6,88.4
40.5,65,105.9,88.5
43,65,108.5,88.5
38.5,81.6,103.1,88.5
39.8,85.1,104.1,88.5
39.2,65,102.4,88.6
39.2,79,100.5,88.6
39.1,84.6,102.5,88.6
39.2,65,107.3,88.7
39.3,82.1,101.3,88.7
37.8,76.6,103.8,88.8
38.5,82.9,106.6,88.8
38.4,73.2,106.5,88.9
39.2,89.1,104.6,88.9
39.6,65,106.8,89
42.1,65,101.3,89
38,77.7,101.9,89.1
38.4,81.6,103.2,89.1
42.2,65,107.1,89.2
41.4,65,99.8,89.2
37.4,65,106.8,89.2
38.4,80.3,102.8,89.2
40,87.3,102.7,89.2
38.5,73.3,101.3,89.3
38.9,78.8,109,89.3
38.9,78.8,109,89.3
38.9,78.8,109,89.3
40.1,65,111,89.4
39.1,80.4,104.6,89.4
38.4,81.8,105.9,89.4
39.1,82.2,105.2,89.4
39.8,65,104.5,89.5
38.7,83.9,105.8,89.5
38.9,85,107.2,89.5
41.5,65,106.3,89.6
42.6,65,102.9,89.6
39.1,80.4,100.5,89.6
38.9,85.8,101.5,89.6
38.6,65,103.4,89.7
42.9,65,108.3,89.7
38.8,85.2,105.8,89.7
36.7,66.2,100.6,89.8
38.7,79.7,104.5,89.8
39.7,82.1,108.3,89.8
38.8,84.5,103.7,89.8
38.3,79.3,101.4,89.9
39.6,87.8,108.7,89.9
41.7,65,106.4,90
39.2,65,100.3,90
41.7,65,105,90
41.9,65,110.1,90.1
41.9,65,103.3,90.1
39.7,89.4,107.8,90.1
42.7,65,105.3,90.2
37.8,76.1,101.1,90.2
39.3,86.8,105.3,90.2
39.9,92,108.9,90.2
41.3,65,107.5,90.3
37.5,72.7,103.4,90.3
38.6,81.3,101.1,90.3
44.8,65,107.5,90.4
39,77.6,105.7,90.5
39,85.7,104.9,90.6
37.9,70.2,100.5,90.7
41.7,65,101.3,90.8
38.8,65,100.1,90.8
38.1,78.4,101.8,90.8
38.7,78.6,104,90.8
39.3,82.2,101.9,90.8
44.8,65,103.2,90.9
38.8,82,101.2,90.9
43.1,65,105.9,91
38.8,80,99.7,91
39.3,86.1,103.5,91.1
39,84.2,106.5,91.2
39.5,84.7,106.3,91.2
40.2,65,104,91.3
39.5,65,104.8,91.4
41.5,65,111.4,91.6
38.4,90.1,108.3,91.6
41.4,65,106,91.7
40.5,65,102.7,91.7
37.9,72.9,103.2,91.7
41.3,65,106,91.8
44.3,65,111.8,91.8
39.5,86.4,100.4,91.9
39.4,82.6,106.1,92
40.1,86.6,108.2,92
40.4,65,98.6,92.1
38.4,65,108.1,92.1
39,85.9,102.6,92.1
40.1,90.8,109.3,92.1
41.2,100.6,109.8,92.1
40.1,94,107.3,92.3
41.9,65,107.7,92.4
39.3,81.5,110,92.4
43.3,65,107.3,92.5
41.9,65,108.4,92.6
41.1,65,107.8,92.6
38.7,79.6,106.8,92.6
42.4,65,104.2,92.7
44,65,108.9,92.8
40,65,105,92.8
39.8,86.2,105.6,92.8
41.5,65,106.6,93
40.6,87.5,113.8,93.1
39.6,90.8,107.4,93.1
39.6,83.6,104.3,93.2
39.7,83.8,110,93.2
42.8,65,107.2,93.3
40.2,65,108,93.4
43.1,65,108.9,93.5
40.9,65,108.3,93.5
39.2,83.4,101.6,93.5
38.6,65,106.1,93.6
42.6,65,103.9,93.8
43.1,65,104.4,93.8
39.1,84.4,104.9,93.9
41.2,65,103,94.1
38.4,71,108.1,94.1
45.8,65,106.1,94.2
40.3,87.4,106.9,94.3
40.1,65,104.1,94.4
40,65,112.6,94.5
41.5,65,107.4,94.5
40.6,65,107,94.5
40.2,88.5,108.4,94.6
43.4,65,111,94.9
39.3,85.5,104,94.9
40,92.5,106.5,94.9
42.2,65,113.5,95
39.5,87.8,104.4,95.1
38.6,65,109.1,95.2
45.9,65,117,95.3
39.3,85.6,106.4,95.3
45.8,65,103.7,95.4
42.5,65,110.9,95.4
41.7,65,105.5,95.4
39.3,87,104.8,95.5
40,88,106.5,95.5
39.8,65,104.1,95.6
40.1,87,106.9,95.6
39.9,88.3,104.6,95.6
41.9,65,104.7,95.7
40.2,93.2,110.4,95.9
42,65,107.6,96
40.7,65,110.5,96
39.3,65,109.4,96.1
43.4,65,112.1,96.2
40.8,65,108.4,96.4
40,92.2,108.5,96.4
39.4,77.6,107.1,96.5
40.2,93.2,103.2,96.6
41.7,99.4,111.6,96.6
43.9,65,109.5,96.8
43.3,65,112.5,96.8
38.4,81.8,105.6,96.8
40.5,65,108,96.9
39.2,81.1,107.6,96.9
39.9,84.2,103.5,96.9
39.8,86.4,103.3,96.9
40.8,100.2,111,96.9
40.4,95.8,107.9,97.1
40.1,90.3,109.5,97.2
42.2,65,109.5,97.3
40.1,93.7,105.7,97.3
42.9,65,107,97.4
39.2,81.6,104.5,97.4
40.8,65,107.5,97.7
39.4,76.8,109.7,97.7
40.6,65,111.6,97.8
42.3,65,109.4,97.8
43,65,99.7,98.6
43.1,65,106.5,99.1
40.5,94.2,107.1,99.2
40.5,65,113.2,99.3
43.4,65,114.8,99.6
46.1,65,115.5,100.4
42.3,65,108.5,100.4
41.1,97.6,110.2,100.4
40.6,65,113,100.7
40.6,98.9,112.7,100.9
40,92.2,102.7,101.2
41.2,103.6,111.6,101.6
40.8,65,112.2,101.7
41.7,101.6,109.8,101.8
40.2,103.7,111,102
40.2,65,107.5,102.3
41.4,102.7,112.4,102.7
46.2,65,117.2,102.9
45.9,65,114.1,103.2
45.1,65,118.3,104.1
44.7,65,117.5,105
45.7,65,112.4,105.4
47.7,65,112.5,105.7
40.8,90,109.8,107.1
44.6,113.1,112.4,107.3
41.8,104.8,116.6,108.2
44.2,65,114.5,108.7
46.6,65,118.1,110
46.7,65,119.4,110.1
42.9,65,114.6,110.5
42.8,65,110.5,110.5
